idProveedor,nombre
Prov001,Café Orgánico S.A.S.
Prov002,Accesorios Gourmet Ltda.
Prov003,Comestibles Delicias
Prov004,Dulces y Postres S.A.
Prov005,Equipos Especializados
Prov006,Café de Alta Montaña
Prov007,Proveedor Central S.A.
Prov008,Café y Más
Prov009,Productos Gourmet
Prov010,Tienda del Café
Prov011,Distribuidora Premium
Prov012,Café del Sur
Prov013,Delicias Naturales
Prov014,Dulce Tradición
Prov015,Innovación en Café
Prov016,Accesorios VIP
Prov017,Servicios Café Pro
Prov018,Calidad y Sabor
Prov019,Tienda Exclusiva
Prov020,Selección Gourmet
